{
"waypoints": [
	{
		"name": "Bessunger",
		"latitude": 49.846994,
		"longitude": 8.646193
	},
	{
		"name": "FriedrichStrasse",
		"latitude": 49.838545,
		"longitude": 8.645571
	},
	{
		"name": "Katharinen Str.",
		"latitude": 49.824827,
		"longitude": 8.644529
	},
	{
		"name": "Landskronstrasse",
		"latitude": 49.853308,
		"longitude": 8.646835
	},
	{
		"name": "Neckarstrasse",
		"latitude": 49.8717,
		"longitude": 8.644417
	},
	{
		"name": "Rheinstrasse",
		"latitude": 49.870267,
		"longitude": 8.633266
	},
	{
		"name": "Wartehalle",
		"latitude": 49.820845,
		"longitude": 8.644222
	}
],
"pois": [
	{
		"name": "Aral Tankst.",
		"latitude": 49.871558,
		"longitude": 8.639206,
		"type": "Gas station",
		"description": "Refuel your vehicle"
	},
	{
		"name": "Aral Tankstelle",
		"latitude": 49.868538,
		"longitude": 8.645465,
		"type": "Gas station",
		"description": "Refuel your vehicle"
	},
	{
		"name": "Church 7 Days",
		"latitude": 49.839096,
		"longitude": 8.646294,
		"type": "Touristic",
		"description": "Adventist Chruch"
	},
	{
		"name": "Church Holy",
		"latitude": 49.865072,
		"longitude": 8.647415,
		"type": "Touristic",
		"description": "Freie Christengemeinde"
	},
	{
		"name": "El Quinto Vino",
		"latitude": 49.813422,
		"longitude": 8.646246,
		"type": "Restaurant",
		"description": "Spanish Restaurant"
	},
	{
		"name": "Ladestation",
		"latitude": 49.811698,
		"longitude": 8.646074,
		"type": "Default",
		"description": "Electric vehicle charge"
	},
	{
		"name": "Starbucks",
		"latitude": 49.872409,
		"longitude": 8.650744,
		"type": "Restaurant",
		"description": "A blissful coffee"
	},
	{
		"name": "SushiRestaurant",
		"latitude": 49.869365,
		"longitude": 8.645922,
		"type": "Restaurant",
		"description": "Asian food today!"
	},
	{
		"name": "Thessaloniki",
		"latitude": 49.862869,
		"longitude": 8.646691,
		"type": "Restaurant",
		"description": "Greek Restaurant"
	}
]
}
